type,hit_rate,mrr
text_elasticsearch,0.5828,0.43964666666666774
text_customsearch,0.5572,0.4396800000000009
